Rk,Player,Tm,FantPos,Age,G,GS,Cmp,Att,Yds,TD,Int,Att.1,Yds.1,Y/A,TD.1,Tgt,Rec,Yds.2,Y/R,TD.2,Fmb,FL,TD.3,2PM,2PP,FantPt,PPR,DKPt,FDPt,VBD,PosRank,OvRank,-9999,RK,Team,Position,AVG,Min,Max
6,Austin Ekeler,LAC,RB,27,17,17,0,0,0,0,0,204,915,4.49,13,127,107,722,6.75,5,5,3,18,,,266.0,372.7,381.7,319.2,118.0,4,6.0,EkelAu00,3,LAC ,RB,4.4,2.0,7.0
18,Jamaal Williams,DET,RB,27,17,9,0,0,0,0,0,262,1066,4.07,17,16,12,73,6.08,0,3,2,17,1.0,,214.0,225.9,230.9,219.9,69.0,7,18.0,WillJa06,144,DET ,RB,147.0,114.0,217.0
19,Jaylen Waddle,MIA,WR,24,17,17,0,0,0,0,0,3,26,8.67,0,117,75,1356,18.08,8,1,1,8,,,184.0,259.2,263.2,221.7,66.0,7,19.0,WaddJa00,34,MIA ,WR,33.6,26.0,42.0
24,Amari Cooper,CLE,WR,28,17,17,0,1,0,0,1,0,0,,0,132,78,1160,14.87,9,0,0,9,,,168.0,246.0,250.0,208.0,50.0,8,24.0,CoopAm00,78,CLE ,WR,79.0,53.0,111.0
25,Taysom Hill,NOR,TE,32,16,8,13,19,240,2,0,96,575,5.99,7,13,9,77,8.56,2,2,0,9,,,137.0,145.8,148.8,141.3,49.0,3,25.0,HillTa00,414,NO ,TE,345.0,345.0,345.0
26,Aaron Jones,GNB,RB,28,17,17,0,0,0,0,0,213,1121,5.26,2,72,59,395,6.69,5,5,3,7,1.0,,190.0,248.6,257.6,219.1,46.0,11,26.0,JoneAa00,18,GB ,RB,19.0,5.0,32.0
28,DeVonta Smith,PHI,WR,24,17,17,0,0,0,0,0,0,0,,0,136,95,1196,12.59,7,1,1,7,,,160.0,254.6,258.6,207.1,42.0,10,28.0,SmitDe07,99,PHI ,WR,99.6,86.0,109.0
30,Christian Kirk,JAX,WR,26,17,17,0,1,0,0,0,5,11,2.2,0,133,84,1108,13.19,8,1,1,8,,,158.0,241.9,245.9,199.9,41.0,11,30.0,KirkCh01,81,JAC ,WR,80.8,72.0,106.0
31,Najee Harris,PIT,RB,24,17,17,1,1,4,0,0,272,1034,3.8,7,53,41,229,5.59,3,3,2,10,,,182.0,223.5,231.5,203.0,40.0,12,31.0,HarrNa00,7,PIT ,RB,8.6,4.0,12.0
33,Rhamondre Stevenson,NWE,RB,24,17,7,0,0,0,0,0,210,1040,4.95,5,88,69,421,6.1,1,4,1,6,,,180.0,249.1,256.1,214.6,37.0,13,33.0,StevRh00,74,NE ,RB,73.0,55.0,84.0
34,Joe Mixon,CIN,RB,26,14,14,0,0,0,0,0,210,814,3.88,7,75,60,441,7.35,2,0,0,9,,,180.0,239.5,245.5,209.5,37.0,14,34.0,MixoJo00,10,CIN ,RB,10.0,8.0,12.0
35,Tyler Lockett,SEA,WR,30,16,16,0,0,0,0,0,0,0,,0,117,84,1033,12.3,9,2,2,9,,,153.0,237.3,242.3,195.3,37.0,13,35.0,LockTy00,102,SEA ,WR,102.6,86.0,110.0
37,Brandon Aiyuk,SFO,WR,24,17,17,0,0,0,0,0,2,23,11.5,0,114,78,1015,13.01,8,1,1,8,,,150.0,227.8,231.8,188.8,33.0,15,37.0,AiyuBr00,101,SF ,WR,100.8,80.0,107.0
39,Mike Evans,TAM,WR,29,15,15,0,0,0,0,0,0,0,,0,127,77,1124,14.6,6,0,0,6,,,148.0,225.4,228.4,186.9,32.0,16,39.0,EvanMi00,28,TB ,WR,29.0,23.0,37.0
40,Tee Higgins,CIN,WR,23,16,14,0,0,0,0,0,0,0,,0,109,74,1029,13.91,7,0,0,7,1.0,,147.0,220.9,223.9,183.9,30.0,17,40.0,HiggTe00,31,CIN ,WR,29.8,22.0,42.0
44,Ezekiel Elliott,DAL,RB,27,15,14,0,0,0,0,0,231,876,3.79,12,23,17,92,5.41,0,0,0,12,,,169.0,185.8,188.8,177.3,27.0,17,44.0,ElliEz00,41,DAL ,RB,43.6,32.0,55.0
45,Justin Fields,CHI,QB,23,15,15,192,318,2242,17,11,160,1143,7.14,8,0,0,0,,0,16,2,8,,1.0,296.0,296.0,315.0,307.0,23.0,6,45.0,FielJu00,115,CHI ,QB,121.0,101.0,160.0
47,Jerry Jeudy,DEN,WR,23,15,14,0,0,0,0,0,4,40,10.0,0,100,67,972,14.51,6,0,0,6,,,137.0,204.2,207.2,170.7,21.0,18,47.0,JeudJe00,65,DEN ,WR,63.8,57.0,77.0
51,Evan Engram,JAX,TE,28,17,14,0,0,0,0,0,2,13,6.5,0,98,73,766,10.49,4,0,0,4,1.0,,104.0,176.9,179.9,140.4,18.0,6,51.0,EngrEv00,206,JAC ,TE,215.4,165.0,258.0
52,Garrett Wilson,NYJ,WR,22,17,12,0,1,0,0,0,4,4,1.0,0,147,83,1103,13.29,4,2,1,4,,,133.0,215.7,219.7,174.2,17.0,21,52.0,WilsGa00,126,NYJ ,WR,128.8,112.0,145.0
53,Daniel Jones,NYG,QB,25,16,16,317,472,3205,15,5,120,708,5.9,7,0,0,0,,0,6,3,7,,2.0,289.0,289.0,303.0,294.0,16.0,9,53.0,JoneDa05,169,NYG ,QB,178.6,158.0,241.0
54,Alvin Kamara,NOR,RB,27,15,13,0,0,0,0,0,223,897,4.02,2,77,57,490,8.6,2,4,4,4,,,155.0,211.7,221.7,183.2,14.0,18,54.0,KamaAl00,17,NO ,RB,17.4,13.0,21.0
55,James Conner,ARI,RB,27,13,13,0,0,0,0,0,183,782,4.27,7,58,46,300,6.52,1,3,1,8,,,154.0,200.2,207.2,177.2,13.0,19,55.0,ConnJa00,26,ARI ,RB,27.8,21.0,35.0
56,Leonard Fournette,TAM,RB,27,16,9,0,1,0,0,1,189,668,3.53,3,83,73,523,7.16,3,0,0,6,,,153.0,226.1,233.1,190.6,12.0,20,56.0,FourLe00,20,TB ,RB,22.6,15.0,38.0
57,Cole Kmet,CHI,TE,23,17,17,0,0,0,0,0,2,9,4.5,0,69,50,544,10.88,7,1,0,7,,,97.0,147.3,150.3,122.3,11.0,7,57.0,KmetCo00,96,CHI ,TE,95.4,93.0,102.0
58,Cooper Kupp,LAR,WR,29,9,9,0,1,0,0,0,9,52,5.78,1,98,75,812,10.83,6,2,1,7,,,126.0,201.4,205.4,163.9,11.0,22,58.0,KuppCo00,6,LAR ,WR,7.0,3.0,10.0
59,Chris Olave,NOR,WR,22,15,9,0,0,0,0,0,0,0,,0,119,72,1042,14.47,4,2,2,4,1.0,,126.0,198.2,203.2,162.2,11.0,23,59.0,OlavCh00,110,NO ,WR,115.2,107.0,128.0
61,Gabriel Davis,BUF,WR,23,15,15,0,0,0,0,0,0,0,,0,93,48,836,17.42,7,1,1,7,,,124.0,171.6,175.6,147.6,9.0,24,61.0,DaviGa01,53,BUF ,WR,55.2,46.0,72.0
62,Christian Watson,GNB,WR,23,14,11,0,0,0,0,0,7,80,11.43,2,66,41,611,14.9,7,0,0,9,,,123.0,164.1,167.1,143.6,8.0,25,62.0,WatsCh00,195,GB ,WR,202.8,148.0,240.0
63,Juwan Johnson,NOR,TE,26,16,12,0,0,0,0,0,0,0,,0,65,42,508,12.1,7,0,0,7,,,93.0,134.8,137.8,113.8,7.0,8,63.0,JohnJu02,341,NO ,TE,331.5,319.0,348.0
64,Justin Herbert,LAC,QB,24,17,17,477,699,4739,25,10,54,147,2.72,0,2,2,-10,-5.0,0,8,3,0,,1.0,279.0,281.3,300.3,290.3,7.0,11,64.0,HerbJu00,55,LAC ,QB,57.8,40.0,68.0
65,Chris Godwin,TAM,WR,26,15,13,0,0,0,0,0,3,5,1.67,0,142,104,1023,9.84,3,2,2,3,1.0,,119.0,222.8,227.8,170.8,4.0,26,65.0,GodwCh00,70,TB ,WR,71.6,58.0,110.0
66,David Montgomery,CHI,RB,25,16,16,0,0,0,0,0,201,801,3.99,5,40,34,316,9.29,1,2,2,6,,,144.0,177.7,185.7,160.7,3.0,21,66.0,MontDa01,56,CHI ,RB,58.2,38.0,82.0
67,Tyler Allgeier,ATL,RB,22,16,7,0,0,0,0,0,210,1035,4.93,3,17,16,139,8.69,1,0,0,4,1.0,,143.0,159.4,165.4,151.4,3.0,22,67.0,AllgTy00,161,ATL ,RB,170.8,131.0,274.0
68,Michael Pittman Jr.,IND,WR,25,16,16,0,0,0,0,0,3,30,10.0,0,141,99,925,9.34,4,2,1,4,,,118.0,216.5,220.5,167.0,3.0,27,68.0,PittMi01,24,IND ,WR,25.2,20.0,33.0
69,D'Andre Swift,DET,RB,23,14,8,0,0,0,0,0,99,542,5.47,5,70,48,389,8.1,3,1,0,8,1.0,,143.0,191.1,197.1,167.1,3.0,23,69.0,SwifDA00,9,DET ,RB,9.4,5.0,12.0
71,Zay Jones,JAX,WR,27,16,15,0,0,0,0,0,4,18,4.5,0,121,82,823,10.04,5,0,0,5,1.0,,116.0,198.1,201.1,157.1,2.0,28,71.0,JoneZa00,213,JAC ,WR,219.6,194.0,243.0
72,Dallas Goedert,PHI,TE,27,12,12,0,0,0,0,0,0,0,,0,69,55,702,12.76,3,1,1,3,,,86.0,141.2,145.2,113.7,1.0,10,72.0,GoedDa00,80,PHI ,TE,80.6,71.0,101.0
73,Dalton Schultz,DAL,TE,26,15,15,0,0,0,0,0,0,0,,0,89,57,577,10.12,5,1,1,5,,,86.0,142.7,146.7,114.2,,11,73.0,SchuDa00,66,DAL ,TE,65.2,51.0,71.0
74,Allen Lazard,GNB,WR,27,15,15,0,0,0,0,0,2,0,0.0,0,100,60,788,13.13,6,0,0,6,,,115.0,174.8,177.8,144.8,,29,74.0,LazaAl00,97,GB ,WR,95.8,79.0,121.0
77,Pat Freiermuth,PIT,TE,24,16,8,0,0,0,0,0,0,0,,0,98,63,732,11.62,2,0,0,2,,,85.0,148.2,151.2,116.7,,12,77.0,FreiPa00,127,PIT ,TE,129.4,102.0,141.0
78,Jerick McKinnon,KAN,RB,30,17,0,0,0,0,0,0,72,291,4.04,1,71,56,512,9.14,9,1,1,10,1.0,,140.0,196.3,203.3,168.3,,24,78.0,McKiJe00,228,KC ,RB,230.4,175.0,272.0
79,Tom Brady,TAM,QB,45,17,17,490,733,4694,25,9,29,-1,-0.03,1,1,0,0,,0,5,4,1,,2.0,272.0,271.7,287.7,280.7,,12,,BradTo00,87,TB ,QB,85.4,68.0,101.0
80,Aaron Rodgers,GNB,QB,39,17,17,350,542,3695,26,12,34,94,2.76,1,0,0,0,,0,8,4,1,,2.0,239.0,239.2,258.2,251.2,,13,,RodgAa00,113,GB ,QB,118.4,99.0,126.0
81,Lamar Jackson,BAL,QB,25,12,12,203,326,2242,17,7,112,764,6.82,3,0,0,0,,0,5,2,3,,1.0,236.0,236.1,251.1,243.1,,14,,JackLa00,49,BAL ,QB,54.2,40.0,69.0
82,Tua Tagovailoa,MIA,QB,24,13,13,259,400,3548,25,8,23,70,3.04,0,0,0,0,,0,6,1,0,,,231.0,230.9,242.9,238.9,,15,,TagoTu00,141,MIA ,QB,143.2,124.0,172.0
83,Russell Wilson,DEN,QB,34,15,15,292,483,3524,16,11,55,277,5.04,3,1,1,1,1.0,0,6,2,3,,,225.0,225.8,244.8,236.3,,16,,WilsRu00,91,DEN ,QB,92.0,78.0,99.0
85,Kyler Murray,ARI,QB,25,11,11,259,390,2368,14,7,67,418,6.24,3,0,0,0,,0,8,2,3,1.0,3.0,201.0,200.5,215.5,207.5,,18,,MurrKy00,57,ARI ,QB,58.6,45.0,79.0
86,Dak Prescott,DAL,QB,29,12,12,261,394,2860,23,15,45,182,4.04,1,0,0,0,,0,4,1,1,,,199.0,198.6,220.6,213.6,,19,,PresDa01,89,DAL ,QB,88.8,78.0,100.0
87,Marcus Mariota,ATL,QB,29,13,13,184,300,2219,15,9,85,438,5.15,4,0,0,0,,0,8,3,4,,2.0,197.0,196.6,214.6,205.6,,20,,MariMa01,299,ATL ,QB,308.4,272.0,362.0
88,Davis Mills,HOU,QB,24,15,15,292,479,3118,17,15,32,108,3.38,2,0,0,0,,0,8,3,2,,1.0,182.0,181.5,205.5,196.5,,21,,MillDa02,241,HOU ,QB,244.8,200.0,275.0
90,Mac Jones,NWE,QB,24,14,14,288,442,2997,14,11,47,102,2.17,1,0,0,0,,0,5,1,1,,1.0,170.0,170.1,188.1,181.1,,23,,JoneMa05,167,NE ,QB,177.4,163.0,202.0
91,Jacoby Brissett,CLE,QB,30,16,11,236,369,2608,12,6,49,243,4.96,2,0,0,0,,0,6,4,2,,,169.0,168.6,184.6,174.6,,24,,BrisJa00,330,CLE ,QB,321.5,280.0,337.0
92,Jimmy Garoppolo,SFO,QB,31,11,10,207,308,2437,16,4,23,33,1.43,2,0,0,0,,0,3,2,2,,,165.0,164.8,173.8,168.8,,25,,GaroJi00,364,SF ,QB,356.0,311.0,381.0
93,Ryan Tannehill,TEN,QB,34,12,12,212,325,2536,13,6,34,98,2.88,2,0,0,0,,0,3,2,2,,1.0,161.0,161.2,172.2,167.2,,26,,TannRy00,202,TEN ,QB,210.2,168.0,254.0
94,Matt Ryan,IND,QB,37,12,12,309,461,3057,14,13,27,70,2.59,1,0,0,0,,0,15,5,1,,,155.0,155.3,176.3,168.3,,27,,RyanMa00,162,IND ,QB,171.0,160.0,191.0
95,Kenny Pickett,PIT,QB,24,13,12,245,389,2404,7,9,55,237,4.31,3,0,0,0,,0,4,1,3,,2.0,150.0,149.9,165.9,158.9,,28,,PickKe00,326,PIT ,QB,333.8,298.0,363.0
96,AJ Dillon,GNB,RB,24,17,3,0,0,0,0,0,186,770,4.14,7,43,28,206,7.36,0,1,0,7,,,140.0,167.6,173.6,153.6,,26,,DillAJ00,43,GB ,RB,44.4,41.0,49.0
97,Devin Singletary,BUF,RB,25,16,16,0,0,0,0,0,177,819,4.63,5,52,38,280,7.37,1,3,3,6,,,140.0,177.9,186.9,158.9,,25,,SingDe00,82,BUF ,RB,81.6,73.0,91.0
98,Raheem Mostert,MIA,RB,30,16,14,0,0,0,0,0,181,891,4.92,3,42,31,202,6.52,2,1,1,5,,,137.0,168.3,175.3,152.8,,27,,MostRa00,185,MIA ,RB,193.4,158.0,233.0
100,Dameon Pierce,HOU,RB,22,13,13,0,0,0,0,0,220,939,4.27,4,39,30,165,5.5,1,4,2,5,,,136.0,166.4,174.4,151.4,,29,,PierDa01,79,HOU ,RB,79.0,56.0,108.0
101,Cordarrelle Patterson,ATL,RB,31,13,11,0,0,0,0,0,144,695,4.83,8,31,21,122,5.81,0,1,1,9,,,134.0,154.7,161.7,144.2,,30,,PattCo00,92,ATL ,RB,92.4,70.0,127.0
102,Cam Akers,LAR,RB,23,15,9,0,0,0,0,0,188,786,4.18,7,18,13,117,9.0,0,2,2,7,,,128.0,141.3,149.3,134.8,,31,,AkerCa00,37,LAR ,RB,36.4,25.0,55.0
104,D'Onta Foreman,CAR,RB,26,17,9,0,0,0,0,0,203,914,4.5,5,9,5,26,5.2,0,1,0,5,1.0,,126.0,131.0,134.0,128.5,,33,,ForeDO00,215,CAR ,RB,220.6,177.0,316.0
105,Isiah Pacheco,KAN,RB,22,17,11,0,0,0,0,0,170,830,4.88,5,14,13,130,10.0,0,4,2,5,,,122.0,135.0,143.0,128.5,,34,,PachIs00,133,KC ,RB,135.4,120.0,143.0
106,Baker Mayfield,2TM,QB,27,12,10,201,335,2163,10,8,31,89,2.87,1,0,0,0,,0,9,2,1,,,121.0,121.4,134.4,129.4,,29,,MayfBa00,247,CAR ,QB,249.2,172.0,320.0
107,Antonio Gibson,WAS,RB,24,15,6,0,0,0,0,0,149,546,3.66,3,58,46,353,7.67,2,1,0,5,,,120.0,165.9,171.9,142.9,,35,,GibsAn00,83,WAS ,RB,82.0,56.0,117.0
108,Jonathan Taylor,IND,RB,23,11,11,0,0,0,0,0,192,861,4.48,4,40,28,143,5.11,0,3,3,4,,,118.0,146.4,155.4,132.4,,36,,TaylJo02,2,IND ,RB,2.0,1.0,3.0
110,George Pickens,PIT,WR,21,17,12,0,0,0,0,0,3,24,8.0,1,84,52,801,15.4,4,0,0,5,1.0,,115.0,166.5,169.5,140.5,,30,,PickGe00,121,PIT ,WR,125.0,109.0,137.0
111,Mike Williams,LAC,WR,28,13,13,0,0,0,0,0,0,0,,0,93,63,895,14.21,4,0,0,4,,,114.0,176.5,179.5,145.0,,31,,WillMi07,27,LAC ,WR,29.0,22.0,37.0
112,Jakobi Meyers,NWE,WR,26,14,13,0,0,0,0,0,2,-11,-5.5,0,96,67,804,12.0,6,2,2,6,1.0,,113.0,180.3,185.3,146.8,,32,,MeyeJa01,120,NE ,WR,124.6,107.0,147.0
113,Carson Wentz,WAS,QB,30,8,7,172,276,1755,11,9,22,86,3.91,1,0,0,0,,0,6,1,1,,2.0,113.0,112.8,125.8,121.8,,31,,WentCa00,243,WAS ,QB,246.6,202.0,284.0
114,Curtis Samuel,WAS,WR,26,17,12,0,0,0,0,0,38,187,4.92,1,92,64,656,10.25,4,1,1,5,,,112.0,176.3,183.3,144.3,,34,,SamuCu00,226,WAS ,WR,228.6,203.0,262.0
115,Deebo Samuel,SFO,WR,26,13,12,0,0,0,0,0,42,232,5.52,3,94,56,632,11.29,2,3,2,5,,,112.0,168.4,176.4,140.4,,33,,SamuDe00,32,SF ,WR,31.4,19.0,46.0
116,Adam Thielen,MIN,WR,32,17,17,0,0,0,0,0,1,4,4.0,0,107,70,716,10.23,6,0,0,6,1.0,,110.0,180.0,183.0,145.0,,35,,ThieAd00,98,MIN ,WR,99.0,77.0,129.0
117,Tyler Boyd,CIN,WR,28,16,14,1,1,23,0,0,0,0,,0,82,58,762,13.14,5,0,0,5,1.0,,109.0,167.1,170.1,138.1,,36,,BoydTy00,122,CIN ,WR,126.2,111.0,151.0
118,Khalil Herbert,CHI,RB,24,13,1,0,0,0,0,0,129,731,5.67,4,12,9,57,6.33,1,0,0,5,,,109.0,117.8,120.8,113.3,,37,,HerbKh00,131,CHI ,RB,135.2,94.0,227.0
119,Matthew Stafford,LAR,QB,34,9,9,206,303,2087,10,8,13,9,0.69,1,0,0,0,,0,5,3,1,,,108.0,108.4,122.4,116.4,,32,,StafMa00,105,LAR ,QB,109.0,85.0,123.0
120,Drake London,ATL,WR,21,17,15,0,0,0,0,0,0,0,,0,117,72,866,12.03,4,3,3,4,1.0,,107.0,178.6,184.6,142.6,,38,,LondDr00,71,ATL ,WR,71.8,61.0,80.0
121,JuJu Smith-Schuster,KAN,WR,26,16,14,0,0,0,0,0,0,0,,0,101,78,933,11.96,3,3,2,3,,,107.0,185.3,190.3,146.3,,37,,SmitJu00,77,KC ,WR,77.8,59.0,118.0
122,Donovan Peoples-Jones,CLE,WR,23,17,14,0,0,0,0,0,1,2,2.0,0,96,61,839,13.75,3,1,1,4,,,106.0,167.1,171.1,136.6,,39,,PeopDo00,224,CLE ,WR,227.4,216.0,259.0
124,Samaje Perine,CIN,RB,27,16,2,0,0,0,0,0,95,394,4.15,2,51,38,287,7.55,4,0,0,6,,,104.0,142.1,148.1,123.1,,38,,PeriSa00,203,CIN ,RB,211.4,131.0,274.0
125,Brian Robinson Jr.,WAS,RB,23,12,9,0,0,0,0,0,205,797,3.89,2,12,9,60,6.67,1,2,0,3,,,104.0,112.7,115.7,108.2,,39,,RobiBr01,100,WAS ,RB,99.8,88.0,117.0
126,Keenan Allen,LAC,WR,30,10,10,0,0,0,0,0,1,8,8.0,0,89,66,752,11.39,4,1,1,4,,,98.0,164.0,168.0,131.0,,40,,AlleKe00,25,LAC ,WR,27.6,24.0,34.0
127,Zach Wilson,NYJ,QB,23,9,9,132,242,1688,6,7,28,102,3.64,1,1,1,2,2.0,1,1,1,2,,,98.0,98.9,112.9,105.4,,34,,WilsZa00,265,NYJ ,QB,265.4,202.0,326.0
128,Mack Hollins,LVR,WR,29,17,16,1,1,4,0,0,4,40,10.0,0,94,57,690,12.11,4,0,0,4,,,97.0,154.2,157.2,125.7,,42,,HollMa00,344,LV ,WR,279.5,242.0,317.0
130,Jahan Dotson,WAS,WR,22,12,10,0,0,0,0,0,2,-7,-3.5,0,61,35,523,14.94,7,0,0,7,1.0,,96.0,130.6,133.6,113.1,,43,,DotsJa00,134,WAS ,WR,136.2,112.0,185.0
131,Breece Hall,NYJ,RB,21,7,2,0,0,0,0,0,80,463,5.79,4,31,19,218,11.47,1,1,1,5,,,96.0,115.1,122.1,105.6,,40,,HallBr03,38,NYJ ,RB,40.6,32.0,48.0
132,K.J. Osborn,MIN,WR,25,17,9,0,0,0,0,0,3,6,2.0,0,90,60,650,10.83,5,1,0,5,,,96.0,155.6,158.6,125.6,,44,,OsboKJ00,153,MIN ,WR,166.8,129.0,203.0
133,Diontae Johnson,PIT,WR,26,17,17,0,0,0,0,0,7,25,3.57,0,147,86,882,10.26,0,1,0,0,2.0,,95.0,180.7,183.7,137.7,,46,,JohnDi01,42,PIT ,WR,43.6,34.0,54.0
134,Courtland Sutton,DEN,WR,27,15,15,0,0,0,0,0,1,5,5.0,0,109,64,829,12.95,2,0,0,2,,,95.0,159.4,162.4,127.4,,45,,SuttCo00,39,DEN ,WR,41.6,23.0,66.0
135,Kareem Hunt,CLE,RB,27,17,0,0,0,0,0,0,123,468,3.8,3,44,35,210,6.0,1,1,0,4,,,92.0,126.8,132.8,109.3,,41,,HuntKa00,69,CLE ,RB,67.4,60.0,81.0
136,Marquise Brown,ARI,WR,25,12,10,0,0,0,0,0,1,1,1.0,0,107,67,709,10.58,3,1,0,3,,,89.0,156.0,159.0,122.5,,47,,BrowMa04,58,ARI ,WR,58.8,42.0,75.0
137,Brandin Cooks,HOU,WR,29,13,13,0,0,0,0,0,2,7,3.5,0,93,57,699,12.26,3,0,0,3,,,89.0,145.6,148.6,117.1,,48,,CookBr00,45,HOU ,WR,48.6,42.0,65.0
138,Rachaad White,TAM,RB,23,17,8,0,0,0,0,0,129,481,3.73,1,58,50,290,5.8,2,3,3,3,,,89.0,139.1,148.1,114.1,,42,,WhitRa01,147,TB ,RB,153.0,126.0,189.0
139,DeAndre Hopkins,ARI,WR,30,9,9,0,0,0,0,0,0,0,,0,96,64,717,11.2,3,2,1,3,,,88.0,151.7,155.7,119.7,,49,,HopkDe00,114,ARI ,WR,119.0,105.0,134.0
140,Kenyan Drake,BAL,RB,28,12,5,0,0,0,0,0,109,482,4.42,4,26,17,89,5.24,1,1,0,5,,,87.0,104.1,107.1,95.6,,43,,DrakKe00,284,FA ,RB,289.2,158.0,361.0
141,Parris Campbell,IND,WR,25,17,16,0,0,0,0,0,5,58,11.6,0,91,63,623,9.89,3,1,0,3,,,86.0,149.1,152.1,117.6,,50,,CampPa00,170,IND ,WR,179.6,146.0,210.0
142,Sam Darnold,CAR,QB,25,6,6,82,140,1143,7,3,26,106,4.08,2,0,0,0,,0,6,2,2,,,86.0,86.3,97.3,89.3,,35,,DarnSa00,399,CAR ,QB,310.0,310.0,310.0
143,Deshaun Watson,CLE,QB,27,6,6,99,170,1102,7,5,36,175,4.86,1,0,0,0,,0,1,0,1,,,86.0,85.6,96.6,90.6,,36,,WatsDe00,208,CLE ,QB,216.8,178.0,314.0
144,Michael Carter,NYJ,RB,23,16,10,0,0,0,0,0,114,402,3.53,3,54,41,288,7.02,0,2,1,3,,,85.0,126.0,133.0,105.5,,44,,CartMi03,103,NYJ ,RB,105.6,91.0,139.0
145,James Cook,BUF,RB,23,16,0,0,0,0,0,0,89,507,5.7,2,32,21,180,8.57,1,1,1,3,,,85.0,105.7,112.7,95.2,,45,,CookJa01,88,BUF ,RB,87.6,84.0,92.0
146,David Njoku,CLE,TE,26,14,14,0,0,0,0,0,2,-8,-4.0,0,80,58,628,10.83,4,1,1,4,,,84.0,142.0,146.0,113.0,,13,,NjokDa00,109,CLE ,TE,115.0,95.0,140.0
147,Gerald Everett,LAC,TE,28,16,11,0,0,0,0,0,1,0,0.0,0,87,58,555,9.57,4,0,0,4,1.0,,82.0,139.5,142.5,110.5,,14,,EverGe00,142,LAC ,TE,146.2,128.0,167.0
148,Darius Slayton,NYG,WR,25,16,11,0,0,0,0,0,0,0,,0,71,46,724,15.74,2,2,1,2,,,82.0,128.4,132.4,105.4,,51,,SlayDa01,304,NYG ,WR,317.2,271.0,357.0
149,Clyde Edwards-Helaire,KAN,RB,23,10,6,0,0,0,0,0,71,302,4.25,3,23,17,151,8.88,3,0,0,6,,,81.0,98.3,104.3,89.8,,46,,EdwaCl00,75,KC ,RB,77.2,55.0,114.0
150,Jordan Akins,HOU,TE,30,15,3,0,0,0,0,0,0,0,,0,54,37,495,13.38,5,1,1,5,1.0,,80.0,116.5,120.5,98.0,,16,,AkinJo00,415,NYG ,TE,345.0,345.0,345.0
151,Tyler Higbee,LAR,TE,29,17,17,0,0,0,0,0,0,0,,0,108,72,620,8.61,3,0,0,3,,,80.0,152.0,155.0,116.0,,15,,HigbTy00,168,LAR ,TE,177.6,164.0,209.0
152,Marquez Valdes-Scantling,KAN,WR,28,17,11,0,0,0,0,0,1,-3,-3.0,0,81,42,687,16.36,2,0,0,2,,,80.0,122.4,125.4,101.4,,52,,ValdMa00,135,KC ,WR,137.6,110.0,187.0
154,Isaiah McKenzie,BUF,WR,27,15,8,0,0,0,0,0,9,55,6.11,1,65,42,423,10.07,4,0,0,5,,,78.0,119.8,122.8,98.8,,54,,McKeIs00,139,BUF ,WR,143.0,97.0,185.0
155,James Robinson,2TM,RB,24,11,5,0,0,0,0,0,110,425,3.86,3,14,11,51,4.64,2,1,0,5,,,78.0,88.6,91.6,83.1,,47,,RobiJa00,140,JAC ,RB,143.0,138.0,157.0
157,Tyler Conklin,NYJ,TE,27,17,16,0,0,0,0,0,2,3,1.5,0,87,58,552,9.52,3,2,0,3,,,74.0,131.5,134.5,102.5,,17,,ConkTy00,230,NYJ ,TE,231.2,190.0,258.0
158,J.K. Dobbins,BAL,RB,24,8,8,0,0,0,0,0,92,520,5.65,2,8,7,42,6.0,1,0,0,3,,,74.0,81.2,84.2,77.7,,48,,DobbJK00,51,BAL ,RB,54.8,48.0,73.0
159,Damien Harris,NWE,RB,25,11,9,0,0,0,0,0,106,462,4.36,3,23,17,97,5.71,0,0,0,3,,,74.0,90.9,93.9,82.4,,49,,HarrDa06,76,NE ,RB,77.2,56.0,83.0
160,Chuba Hubbard,CAR,RB,23,15,2,0,0,0,0,0,95,466,4.91,2,17,14,171,12.21,0,2,1,2,,,74.0,87.7,94.7,80.7,,50,,HubbCh01,256,CAR ,RB,257.0,192.0,313.0
162,Noah Fant,SEA,TE,25,17,16,0,0,0,0,0,0,0,,0,63,50,486,9.72,4,0,0,4,,,73.0,122.6,125.6,97.6,,18,,FantNo00,143,SEA ,TE,146.4,104.0,179.0
163,Russell Gage,TAM,WR,26,13,4,0,0,0,0,0,0,0,,0,70,51,426,8.35,5,1,1,5,1.0,,73.0,123.6,127.6,98.1,,56,,GageRu00,112,TB ,WR,118.2,102.0,134.0
164,Alexander Mattison,MIN,RB,24,17,0,0,0,0,0,0,74,283,3.82,5,18,15,91,6.07,1,0,0,6,,,73.0,88.4,91.4,80.9,,51,,MattAl01,118,MIN ,RB,121.4,114.0,131.0
166,Noah Brown,DAL,WR,26,16,13,0,0,0,0,0,0,0,,0,74,43,555,12.91,3,1,1,3,,,72.0,114.5,118.5,93.0,,59,,BrowNo00,322,DAL ,WR,286.6666666666667,243.0,346.0
167,DeVante Parker,NWE,WR,29,13,11,0,0,0,0,0,0,0,,0,47,31,539,17.39,3,0,0,3,,,72.0,102.9,105.9,87.4,,58,,ParkDe01,137,NE ,WR,139.2,103.0,206.0
169,Alec Pierce,IND,WR,22,16,12,0,0,0,0,0,0,0,,0,78,41,593,14.46,2,1,0,2,,,71.0,112.3,115.3,91.8,,60,,PierAl00,200,IND ,WR,209.8,152.0,266.0
170,Olamide Zaccheaus,ATL,WR,25,17,13,0,0,0,0,0,2,7,3.5,0,61,40,533,13.33,3,1,1,3,,,70.0,110.0,114.0,90.0,,62,,ZaccOl01,405,ATL ,WR,331.0,331.0,331.0
171,Zach Ertz,ARI,TE,32,10,10,0,0,0,0,0,0,0,,0,69,47,406,8.64,4,0,0,4,2.0,,69.0,115.6,118.6,92.1,,19,,ErtzZa00,94,ARI ,TE,93.6,92.0,95.0
172,Mecole Hardman,KAN,WR,24,8,5,0,0,0,0,0,4,31,7.75,2,34,25,297,11.88,4,1,0,6,,,69.0,93.8,96.8,81.3,,64,,HardMe00,194,KC ,WR,201.0,171.0,268.0
173,Kalif Raymond,DET,WR,28,17,7,0,0,0,0,0,7,36,5.14,0,64,47,616,13.11,0,3,1,1,,,69.0,116.2,120.2,92.7,,63,,RaymKa00,374,DET ,WR,271.0,271.0,271.0
176,DeAndre Carter,LAC,WR,29,17,7,0,0,0,0,0,2,-15,-7.5,0,65,46,538,11.7,3,3,2,3,,,66.0,112.3,117.3,89.3,,68,,CartDe02,455,LAC ,WR,391.0,391.0,391.0
177,Corey Davis,NYJ,WR,27,13,10,0,0,0,0,0,0,0,,0,64,32,536,16.75,2,0,0,2,,,66.0,97.6,100.6,81.6,,70,,DaviCo03,198,NYJ ,WR,206.8,149.0,231.0
178,Michael Gallup,DAL,WR,26,14,11,0,0,0,0,0,0,0,,0,74,39,424,10.87,4,0,0,4,,,66.0,105.4,108.4,85.9,,67,,GallMi00,171,DAL ,WR,179.8,133.0,220.0
179,Mike Gesicki,MIA,TE,27,17,1,0,0,0,0,0,0,0,,0,52,32,362,11.31,5,0,0,5,,,66.0,98.2,101.2,82.2,,20,,GesiMi00,146,MIA ,TE,152.4,135.0,179.0
180,Josh Reynolds,DET,WR,27,14,11,0,0,0,0,0,0,0,,0,59,38,479,12.61,3,0,0,3,,,66.0,103.9,106.9,84.9,,69,,ReynJo00,301,DET ,WR,291.5,261.0,367.0
181,Eno Benjamin,3TM,RB,23,15,3,0,0,0,0,0,77,313,4.06,2,34,25,193,7.72,0,0,0,2,1.0,,65.0,89.6,95.6,77.1,,54,,BenjEn00,254,ARI ,RB,221.0,161.0,289.0
182,Kenneth Gainwell,PHI,RB,23,17,0,0,0,0,0,0,53,240,4.53,4,29,23,169,7.35,0,0,0,4,,,65.0,87.9,93.9,76.4,,53,,GainKe00,124,PHI ,RB,127.8,116.0,143.0
183,Chigoziem Okonkwo,TEN,TE,23,17,8,0,0,0,0,0,3,2,0.67,0,46,32,450,14.06,3,0,0,3,1.0,,65.0,97.2,100.2,81.2,,21,,OkonCh00,454,,TEN TE,390.0,390.0,390.0
184,Jaylen Warren,PIT,RB,24,16,0,0,0,0,0,0,77,379,4.92,1,33,28,214,7.64,0,1,0,1,,,65.0,93.3,99.3,79.3,,52,,WarrJa01,298,PIT ,RB,250.0,238.0,274.0
186,Hunter Henry,NWE,TE,28,17,14,0,0,0,0,0,0,0,,0,59,41,509,12.41,2,0,0,2,,,63.0,103.9,106.9,83.4,,22,,HenrHu00,138,NE ,TE,140.2,128.0,151.0
188,Robert Woods,TEN,WR,30,17,15,0,0,0,0,0,0,0,,0,91,53,527,9.94,2,1,1,2,,,63.0,115.7,119.7,89.2,,73,,WoodRo02,117,TEN ,WR,121.2,98.0,149.0
190,Darnell Mooney,CHI,WR,25,12,12,0,0,0,0,0,1,2,2.0,0,61,40,493,12.33,2,0,0,2,,,62.0,101.5,104.5,81.5,,74,,MoonDa00,64,CHI ,WR,63.4,57.0,76.0
191,Treylon Burks,TEN,WR,22,11,6,0,0,0,0,0,4,47,11.75,0,54,33,444,13.45,1,0,0,2,,,61.0,94.1,97.1,77.6,,75,,BurkTr00,108,TEN ,WR,114.4,106.0,123.0
193,Nico Collins,HOU,WR,23,10,7,0,0,0,0,0,0,0,,0,66,37,481,13.0,2,0,0,2,,,60.0,97.1,100.1,78.6,,77,,CollNi00,164,HOU ,WR,172.4,137.0,196.0
194,Romeo Doubs,GNB,WR,22,13,7,0,0,0,0,0,1,11,11.0,0,67,42,425,10.12,3,2,1,3,,,60.0,101.6,105.6,80.6,,78,,DoubRo00,176,GB ,WR,182.6,148.0,220.0
195,Chase Claypool,2TM,WR,24,15,11,1,1,1,1,0,9,59,6.56,0,79,46,451,9.8,1,1,1,1,,,59.0,105.0,109.0,82.0,,79,,ClayCh01,119,PIT ,WR,124.2,117.0,146.0
196,Gus Edwards,BAL,RB,27,9,4,0,0,0,0,0,87,433,4.98,3,2,0,0,,0,1,1,3,,,59.0,59.3,63.3,59.3,,56,,EdwaGu00,221,BAL ,RB,224.6,147.0,259.0
197,Robert Tonyan,GNB,TE,28,17,3,0,0,0,0,0,0,0,,0,67,53,470,8.87,2,0,0,2,,,59.0,112.0,115.0,85.5,,23,,TonyRo00,155,GB ,TE,167.0,141.0,182.0
198,Chase Edmonds,2TM,RB,26,13,3,0,0,0,0,0,68,245,3.6,2,24,16,157,9.81,1,0,0,3,,,58.0,74.2,80.2,66.2,,57,,EdmoCh00,50,MIA ,RB,54.4,35.0,64.0
199,Nick Westbrook-Ikhine,TEN,WR,25,17,13,0,0,0,0,0,0,0,,0,50,25,397,15.88,3,0,0,3,,,58.0,82.7,85.7,70.2,,80,,WestNi00,293,TEN ,WR,239.33333333333331,229.0,247.0
202,Darren Waller,LVR,TE,30,9,6,0,0,0,0,0,0,0,,0,43,28,388,13.86,3,0,0,3,,,57.0,84.8,87.8,70.8,,24,,WallDa01,52,LV ,TE,54.8,51.0,67.0
204,Dontrell Hilliard,TEN,RB,27,12,1,0,0,0,0,0,22,145,6.59,0,26,21,177,8.43,4,0,0,4,,,56.0,77.2,83.2,66.7,,59,,HillDo00,272,TEN ,RB,191.66666666666663,187.0,199.0
205,Austin Hooper,TEN,TE,28,17,2,0,0,0,0,0,0,0,,0,60,41,444,10.83,2,0,0,2,,,56.0,97.4,100.4,76.9,,25,,HoopAu00,187,,TEN TE,195.4,165.0,234.0
208,Van Jefferson,LAR,WR,26,11,9,0,0,0,0,0,0,0,,0,44,24,369,15.38,3,0,0,3,,,55.0,78.9,81.9,66.9,,83,,JeffVa00,211,LAR ,WR,218.8,194.0,240.0
209,Isaiah Likely,BAL,TE,22,16,2,0,0,0,0,0,0,0,,0,60,36,373,10.36,3,0,0,3,,,55.0,91.3,94.3,73.3,,26,,LikeIs00,320,BAL ,TE,285.6666666666667,258.0,339.0
210,Terrace Marshall Jr.,CAR,WR,22,14,9,0,0,0,0,0,0,0,,0,47,28,490,17.5,1,2,0,1,,,55.0,83.0,86.0,69.0,,82,,MarsTe00,246,CAR ,WR,248.6,173.0,293.0
211,Zack Moss,2TM,RB,25,13,3,0,0,0,0,0,93,456,4.9,1,13,11,39,3.55,0,1,1,1,,,54.0,64.5,68.5,59.0,,61,,MossZa00,291,BUF ,RB,300.0,245.0,372.0
212,Trent Sherfield,MIA,WR,26,17,4,0,0,0,0,0,0,0,,0,51,30,417,13.9,2,0,0,2,,,54.0,83.7,86.7,68.7,,84,,SherTr00,424,MIA ,WR,357.0,357.0,357.0
213,Kendrick Bourne,NWE,WR,27,16,2,0,0,0,0,0,6,39,6.5,0,48,35,434,12.4,1,2,0,1,,,53.0,88.3,91.3,70.8,,85,,BourKe00,222,NE ,WR,225.4,188.0,269.0
214,Will Dissly,SEA,TE,26,15,15,0,0,0,0,0,0,0,,0,38,34,349,10.26,3,0,0,3,,,53.0,86.9,89.9,69.9,,29,,DissWi00,417,SEA ,TE,348.0,348.0,348.0
215,Greg Dulcich,DEN,TE,22,10,6,0,0,0,0,0,0,0,,0,55,33,411,12.45,2,0,0,2,,,53.0,86.1,89.1,69.6,,28,,DulcGr00,303,DEN ,TE,298.25,260.0,339.0
216,Hayden Hurst,CIN,TE,29,13,13,0,0,0,0,0,0,0,,0,68,52,414,7.96,2,0,0,2,,,53.0,105.4,108.4,79.4,,27,,HursHa00,180,CIN ,TE,189.2,135.0,282.0
217,Foster Moreau,LVR,TE,25,15,14,0,0,0,0,0,0,2,,0,54,33,420,12.73,2,1,1,2,,,52.0,85.2,89.2,68.7,,30,,MoreFo00,351,LV ,TE,325.0,282.0,349.0
219,Quez Watkins,PHI,WR,24,17,8,0,0,0,0,0,3,1,0.33,0,51,33,354,10.73,3,1,1,3,,,52.0,84.5,88.5,68.0,,87,,WatkQu00,323,PHI ,WR,313.5,301.0,337.0
220,Nyheim Hines,2TM,RB,26,16,5,0,0,0,0,0,24,33,1.38,1,37,30,241,8.03,1,2,0,4,,,51.0,81.4,84.4,66.4,,62,,HineNy00,111,IND ,RB,116.6,94.0,156.0
221,Joshua Kelley,LAC,RB,25,13,1,0,0,0,0,0,69,287,4.16,2,25,14,101,7.21,0,0,0,2,,,51.0,64.8,70.8,57.8,,63,,KellJo01,223,LAC ,RB,225.8,152.0,280.0
222,Elijah Moore,NYJ,WR,22,16,9,0,0,0,0,0,5,5,1.0,0,65,37,446,12.05,1,1,0,1,,,51.0,88.1,91.1,69.6,,88,,MoorEl00,68,NYJ ,WR,67.2,57.0,80.0
223,Cade Otton,TAM,TE,23,16,11,0,0,0,0,0,0,0,,0,65,42,391,9.31,2,0,0,2,,,51.0,93.1,96.1,72.1,,31,,OttoCa00,379,TB ,TE,355.3333333333333,341.0,377.0
226,Jelani Woods,IND,TE,24,15,2,0,0,0,0,0,0,0,,0,40,25,312,12.48,3,1,0,3,,,49.0,74.2,77.2,61.7,,32,,WoodJe01,345,IND ,TE,318.6666666666667,267.0,349.0
227,Randall Cobb,GNB,WR,32,13,3,0,0,0,0,0,0,0,,0,50,34,417,12.26,1,1,0,1,,,48.0,81.7,84.7,64.7,,90,,CobbRa00,274,GB ,WR,247.0,216.0,290.0
230,Jauan Jennings,SFO,WR,25,16,4,0,0,0,0,0,0,0,,0,56,35,416,11.89,1,1,0,1,,,48.0,82.6,85.6,65.1,,91,,JennJa00,338,SF ,WR,305.3333333333333,304.0,306.0
231,Rashaad Penny,SEA,RB,26,5,5,0,0,0,0,0,57,346,6.07,2,5,4,16,4.0,0,1,0,2,,,48.0,52.2,55.2,50.2,,65,,PennRa00,84,SEA ,RB,82.0,74.0,90.0
232,Kyle Pitts,ATL,TE,22,10,10,0,0,0,0,0,0,0,,0,59,28,356,12.71,2,0,0,2,,,48.0,75.6,78.6,61.6,,33,,PittKy00,23,ATL ,TE,24.6,14.0,30.0
234,Rondale Moore,ARI,WR,22,8,8,0,0,0,0,0,6,-5,-0.83,0,56,41,414,10.1,1,0,0,1,,,47.0,87.9,90.9,67.4,,93,,MoorRo02,136,ARI ,WR,138.4,103.0,183.0
235,Julio Jones,TAM,WR,33,10,5,0,0,0,0,0,5,45,9.0,0,43,24,299,12.46,2,0,0,2,,,46.0,70.4,73.4,58.4,,94,,JoneJu02,125,TB ,WR,128.8,105.0,194.0
236,Zonovan Knight,NYJ,RB,21,7,4,0,0,0,0,0,85,300,3.53,1,14,13,100,7.69,0,2,0,1,,,46.0,59.0,65.0,52.5,,66,,KnigZo00,434,NYJ ,RB,366.0,366.0,366.0
238,Laviska Shenault Jr.,CAR,WR,24,13,4,0,0,0,0,0,9,65,7.22,1,32,27,272,10.07,1,0,0,2,,,46.0,72.7,75.7,59.2,,96,,ShenLa00,229,JAC ,WR,230.6,208.0,247.0
240,Tutu Atwell,LAR,WR,23,13,4,0,0,0,0,0,9,34,3.78,1,35,18,298,16.56,1,0,0,2,,,45.0,63.2,66.2,54.2,,98,,AtweTu00,346,LAR ,WR,318.6666666666667,295.0,340.0
241,Daniel Bellinger,NYG,TE,22,12,11,0,0,0,0,0,1,2,2.0,1,35,30,268,8.93,2,1,1,3,1.0,,45.0,75.0,79.0,60.0,,35,,BellDa00,273,NYG ,TE,244.75,232.0,256.0
242,Ben Skowronek,LAR,WR,25,14,11,0,0,0,0,0,1,17,17.0,1,61,39,376,9.64,0,0,0,1,,,45.0,84.3,87.3,64.8,,97,,SkowBe00,410,LAR ,WR,338.0,338.0,338.0
243,Nelson Agholor,NWE,WR,29,16,7,0,0,0,0,0,0,0,,0,53,31,362,11.68,2,2,2,2,,,44.0,75.2,80.2,59.7,,100,,AghoNe00,259,NE ,WR,260.2,212.0,333.0
245,Colby Parkinson,SEA,TE,23,17,2,0,0,0,0,0,0,0,,0,34,25,322,12.88,2,0,0,2,,,44.0,69.2,72.2,56.7,,36,,ParkCo02,428,SEA ,TE,362.0,362.0,362.0
246,Equanimeous St. Brown,CHI,WR,26,16,16,0,0,0,0,0,6,54,9.0,0,38,21,323,15.38,1,1,0,1,,,44.0,64.7,67.7,54.2,,102,,St.BEq00,359,CHI ,WR,339.0,311.0,368.0
247,Tyquan Thornton,NWE,WR,22,13,9,0,0,0,0,0,3,16,5.33,1,45,22,247,11.23,2,0,0,3,,,44.0,66.3,69.3,55.3,,99,,ThorTy00,331,NE ,WR,300.3333333333333,263.0,347.0
248,Justin Watson,KAN,WR,26,17,5,0,0,0,0,0,0,0,,0,34,15,315,21.0,2,0,0,2,,,44.0,58.5,61.5,51.0,,103,,WatsJu01,347,KC ,WR,319.0,293.0,332.0
249,Jameis Winston,NOR,QB,28,3,3,73,115,858,4,5,5,16,3.2,0,0,0,0,,0,3,0,0,,1.0,44.0,43.9,51.9,48.9,,42,,WinsJa00,159,NO ,QB,169.4,125.0,193.0
251,Hunter Renfrow,LVR,WR,27,10,1,0,0,0,0,0,0,0,,0,50,36,330,9.17,2,3,1,2,,,43.0,79.0,83.0,61.0,,104,,RenfHu00,93,LV ,WR,92.8,61.0,112.0
253,Noah Gray,KAN,TE,23,17,8,0,0,0,0,0,1,1,1.0,1,34,28,299,10.68,1,0,0,2,,,42.0,70.0,73.0,56.0,,37,,GrayNo00,453,KC ,TE,389.0,389.0,389.0
254,Elijah Mitchell,SFO,RB,24,5,1,0,0,0,0,0,45,279,6.2,2,4,3,7,2.33,0,0,0,2,,,41.0,43.6,46.6,42.1,,69,,MitcEl00,63,SF ,RB,63.0,41.0,84.0
255,Boston Scott,PHI,RB,27,15,2,0,0,0,0,0,54,217,4.02,3,6,5,15,3.0,0,0,0,3,,,41.0,46.2,49.2,43.7,,68,,ScotBo02,255,PHI ,RB,256.4,174.0,313.0
256,Kadarius Toney,2TM,WR,23,9,4,0,0,0,0,0,7,82,11.71,1,20,16,171,10.69,2,1,1,3,,,41.0,57.3,61.3,49.3,,105,,ToneKa00,95,NYG ,WR,93.8,80.0,98.0
257,Braxton Berrios,NYJ,WR,27,17,2,1,1,2,1,0,9,91,10.11,2,32,18,145,8.06,0,1,0,2,,,40.0,57.7,60.7,48.7,,106,,BerrBr00,245,NYJ ,WR,248.2,206.0,301.0
258,Matt Breida,NYG,RB,27,17,1,0,0,0,0,0,54,220,4.07,1,25,20,118,5.9,0,0,0,1,,,40.0,59.8,65.8,49.8,,71,,BreiMa00,312,NYG ,RB,307.25,257.0,360.0
259,Rex Burkhead,HOU,RB,32,16,0,0,1,0,0,0,26,80,3.08,0,51,37,204,5.51,1,0,0,2,,,40.0,77.4,80.4,58.9,,70,,BurkRe00,276,HOU ,RB,251.75,196.0,283.0
261,Rashod Bateman,BAL,WR,23,6,5,0,0,0,0,0,0,0,,0,28,15,285,19.0,2,1,1,2,,,39.0,53.5,57.5,46.0,,109,,BateRa00,48,BAL ,WR,54.0,39.0,63.0
263,Justin Jackson,DET,RB,26,16,0,0,0,0,0,0,42,170,4.05,1,19,12,101,8.42,1,0,0,2,,,39.0,51.1,57.1,45.1,,72,,JackJu01,375,DET ,RB,352.3333333333333,315.0,378.0
265,Desmond Ridder,ATL,QB,23,4,4,73,115,708,2,0,16,64,4.0,0,0,0,0,,0,3,2,0,,,39.0,38.7,43.7,38.7,,45,,RiddDe00,353,ATL ,QB,352.6,312.0,383.0
268,Teddy Bridgewater,MIA,QB,30,5,2,49,79,683,4,4,3,27,9.0,0,0,0,0,,0,0,0,0,,,38.0,38.0,45.0,42.0,,47,,BridTe00,437,MIA ,QB,370.0,370.0,370.0
269,A.J. Green,ARI,WR,34,15,10,0,0,0,0,0,0,0,,0,47,24,236,9.83,2,0,0,2,1.0,,38.0,61.6,64.6,49.6,,110,,GreeA.00,233,ARI ,WR,232.2,212.0,261.0
270,Logan Thomas,WAS,TE,31,14,13,0,0,0,0,0,0,0,,0,61,39,323,8.28,1,0,0,1,,,38.0,77.3,80.3,57.8,,39,,ThomLo00,201,WAS ,TE,209.8,179.0,260.0
273,Mo Alie-Cox,IND,TE,29,17,11,0,0,0,0,0,0,0,,0,28,19,189,9.95,3,1,1,3,,,35.0,53.9,57.9,44.4,,41,,AlieMo00,196,IND ,TE,203.4,166.0,246.0
275,Jarvis Landry,NOR,WR,30,9,3,0,0,0,0,0,0,0,,0,39,25,272,10.88,1,1,0,1,1.0,,35.0,60.2,63.2,47.7,,111,,LandJa00,132,NO ,WR,135.2,120.0,150.0
276,Michael Thomas,NOR,WR,29,3,3,0,0,0,0,0,0,0,,0,22,16,171,10.69,3,0,0,3,,,35.0,51.1,54.1,43.1,,112,,ThomMi05,44,NO ,WR,47.4,33.0,58.0
277,C.J. Uzomah,NYJ,TE,29,15,13,0,0,0,0,0,0,0,,0,27,21,232,11.05,2,0,0,2,,,35.0,56.2,59.2,45.7,,40,,UzomC.00,287,NYJ ,TE,291.4,246.0,325.0
279,Tre'Quan Smith,NOR,WR,26,15,6,0,0,0,0,0,0,0,,0,27,19,278,14.63,1,0,0,1,,,34.0,52.8,55.8,43.3,,113,,SmitTr03,349,NO ,WR,322.6666666666667,298.0,353.0
281,Trey McBride,ARI,TE,23,16,13,0,0,0,0,0,0,0,,0,39,29,265,9.14,1,1,0,1,,,33.0,61.5,64.5,47.0,,43,,McBrTr01,260,ARI ,TE,260.2,246.0,270.0
283,Tommy Tremble,CAR,TE,22,17,4,0,0,0,0,0,0,0,,0,32,19,174,9.16,3,1,1,3,,,33.0,52.4,56.4,42.9,,42,,TremTo00,306,CAR ,TE,301.0,265.0,352.0
284,Robbie Anderson,2TM,WR,29,16,7,0,0,0,0,0,0,0,,0,44,20,282,14.1,1,1,1,1,,,32.0,52.2,56.2,42.2,,115,,AndeRo04,199,CAR ,WR,208.6,195.0,231.0
286,Kendall Hinton,DEN,WR,25,12,5,0,0,0,0,0,2,13,6.5,0,33,24,311,12.96,0,0,0,0,,,32.0,56.4,59.4,44.4,,114,,HintKe00,448,DEN ,WR,379.0,379.0,379.0
287,Jordan Mason,SFO,RB,23,16,0,0,0,0,0,0,43,258,6.0,1,0,0,0,,0,0,0,1,,,32.0,31.8,34.8,31.8,,76,,MasoJo00,425,SF ,RB,359.0,359.0,359.0
288,Harrison Bryant,CLE,TE,24,17,9,0,0,0,0,0,1,8,8.0,0,42,31,239,7.71,1,0,0,1,,,31.0,61.7,64.7,46.2,,44,,BryaHa00,294,CLE ,TE,279.0,236.0,313.0
289,Ty Johnson,NYJ,RB,25,17,1,0,0,0,0,0,30,160,5.33,1,24,12,88,7.33,0,0,0,1,,,31.0,42.8,45.8,36.8,,77,,JohnTy02,329,NYJ ,RB,321.5,237.0,362.0
290,Sammy Watkins,2TM,WR,29,12,5,0,0,0,0,0,0,0,,0,27,16,325,20.31,0,1,1,0,,,31.0,46.5,50.5,38.5,,117,,WatkSa00,237,GB ,WR,241.8,151.0,309.0
291,Kylen Granson,IND,TE,24,13,4,0,0,0,0,0,1,0,0.0,0,40,31,302,9.74,0,1,0,0,,,30.0,61.2,64.2,45.7,,45,,GranKy00,373,IND ,TE,362.0,336.0,386.0
292,Justice Hill,BAL,RB,25,15,0,0,0,0,0,0,49,262,5.35,0,12,12,58,4.83,0,2,1,0,,,30.0,42.0,46.0,36.0,,79,,HillJu00,427,BAL ,RB,360.0,360.0,360.0
293,Marlon Mack,2TM,RB,26,8,0,0,0,0,0,0,16,84,5.25,1,10,8,99,12.38,1,0,0,2,,,30.0,38.3,38.3,34.3,,78,,MackMa00,218,HOU ,RB,223.6,174.0,307.0
294,Irv Smith Jr.,MIN,TE,24,8,1,0,0,0,0,0,0,0,,0,36,25,182,7.28,2,1,0,2,,,30.0,55.2,58.2,42.7,,46,,SmitIr01,129,MIN ,TE,131.6,104.0,144.0
296,Ameer Abdullah,LVR,RB,29,17,0,0,0,0,0,0,4,20,5.0,0,32,25,211,8.44,1,0,0,1,,,29.0,54.1,57.1,41.6,,81,,AbduAm00,264,LV ,RB,231.0,120.0,358.0
297,DeeJay Dallas,SEA,RB,24,15,0,0,1,0,0,1,35,186,5.31,0,19,17,126,7.41,0,1,0,0,,,29.0,46.2,53.2,38.7,,80,,DallDe00,402,SEA ,RB,358.0,329.0,387.0
298,Jake Ferguson,DAL,TE,23,16,8,0,0,0,0,0,0,0,,0,22,19,174,9.16,2,0,0,2,,,29.0,48.4,51.4,38.9,,48,,FergJa00,387,DAL ,TE,345.0,319.0,371.0
300,J.D. McKissic,WAS,RB,29,8,0,0,0,0,0,0,22,95,4.32,0,40,27,173,6.41,0,0,0,0,1.0,,29.0,55.8,58.8,42.3,,82,,McKiJ.00,152,WAS ,RB,159.0,108.0,254.0
302,Wan'Dale Robinson,NYG,WR,21,6,3,0,0,0,0,0,2,-1,-0.5,0,31,23,227,9.87,1,0,0,1,,,29.0,51.6,54.6,40.1,,118,,RobiWa01,154,NYG ,WR,166.8,145.0,203.0
303,Dyami Brown,WAS,WR,23,15,0,0,0,0,0,0,1,15,15.0,0,14,5,143,28.6,2,0,0,2,,,28.0,32.8,35.8,30.3,,120,,BrowDy00,343,WAS ,WR,334.0,285.0,359.0
305,Ashton Dulin,IND,WR,25,12,2,0,0,0,0,0,2,8,4.0,0,22,15,207,13.8,1,0,0,1,,,28.0,42.5,45.5,35.0,,121,,DuliAs00,442,IND ,WR,374.0,374.0,374.0
306,KhaDarel Hodge,ATL,WR,27,17,1,0,0,0,0,0,0,0,,0,20,13,202,15.54,1,0,0,1,1.0,,28.0,41.2,44.2,34.7,,119,,HodgKh00,441,ATL ,WR,373.0,373.0,373.0
307,Travis Homer,SEA,RB,24,10,1,0,0,0,0,0,19,74,3.89,0,18,16,157,9.81,1,1,1,1,,,27.0,43.1,47.1,35.1,,85,,HomeTr00,356,SEA ,RB,305.5,277.0,334.0
308,O.J. Howard,HOU,TE,28,13,10,0,0,0,0,0,0,0,,0,23,10,145,14.5,2,0,0,2,,,27.0,36.5,39.5,31.5,,52,,HowaO.00,336,BUF ,TE,339.4,273.0,384.0
309,Velus Jones Jr.,CHI,WR,25,12,2,0,0,0,0,0,9,103,11.44,1,14,7,107,15.29,1,3,3,2,,,27.0,34.0,43.0,30.5,,122,,JoneVe00,315,CHI ,WR,310.0,293.0,356.0
311,Adam Trautman,NOR,TE,25,15,12,0,0,0,0,0,0,0,,0,22,18,207,11.5,1,0,0,1,,,27.0,44.7,47.7,35.7,,51,,TrauAd00,292,NO ,TE,300.6,232.0,339.0
312,Byron Pringle,CHI,WR,29,11,4,0,0,0,0,0,0,0,,0,16,10,135,13.5,2,0,0,2,,,26.0,35.5,38.5,30.5,,123,,PrinBy00,252,CHI ,WR,254.2,188.0,290.0
313,Javonte Williams,DEN,RB,22,4,4,0,0,0,0,0,47,204,4.34,0,22,16,76,4.75,0,1,1,0,,,26.0,42.0,46.0,34.0,,86,,WillJa10,22,DEN ,RB,23.4,16.0,31.0
314,Jonnu Smith,NWE,TE,27,14,8,0,0,0,0,0,1,5,5.0,0,38,27,245,9.07,0,1,0,0,,,25.0,52.0,55.0,38.5,,53,,SmitJo01,266,NE ,TE,265.8,236.0,291.0
315,Durham Smythe,MIA,TE,27,16,15,0,0,0,0,0,2,1,0.5,1,20,15,129,8.6,1,0,0,2,,,25.0,40.0,43.0,32.5,,54,,SmytDu00,366,MIA ,TE,347.6666666666667,332.0,361.0
320,Khalil Shakir,BUF,WR,22,14,2,0,0,0,0,0,0,0,,0,20,10,161,16.1,1,0,0,1,1.0,,24.0,34.1,37.1,29.1,,124,,ShakKh00,342,BUF ,WR,312.0,263.0,374.0
323,Amari Rodgers,2TM,WR,23,16,1,0,0,0,0,0,2,7,3.5,0,25,16,204,12.75,1,6,2,1,,,23.0,39.1,44.1,31.1,,127,,RodgAm00,354,GB ,WR,328.6666666666667,281.0,390.0
324,Marquez Callaway,NOR,WR,24,14,3,0,0,0,0,0,0,0,,0,32,16,158,9.88,1,0,0,1,,,22.0,37.8,40.8,29.8,,129,,CallMa01,297,NO ,WR,281.5,269.0,298.0
326,Craig Reynolds,DET,RB,26,9,0,0,0,0,0,0,23,102,4.43,0,10,9,116,12.89,0,0,0,0,,,22.0,30.8,36.8,26.3,,89,,ReynCr00,403,DET ,RB,371.0,360.0,388.0
327,Kyren Williams,LAR,RB,22,10,0,0,0,0,0,0,35,139,3.97,0,12,9,76,8.44,0,0,0,0,,,22.0,30.5,33.5,26.0,,90,,WillKy02,362,LAR ,RB,342.6666666666667,322.0,354.0
328,David Bell,CLE,WR,22,16,3,0,0,0,0,0,0,0,,0,35,24,214,8.92,0,0,0,0,,,21.0,45.4,48.4,33.4,,130,,BellDa02,212,CLE ,WR,218.8,195.0,261.0
333,Skyy Moore,KAN,WR,22,16,3,0,0,0,0,0,3,24,8.0,0,33,22,250,11.36,0,3,3,0,,,21.0,43.4,49.4,32.4,,131,,MoorSk01,106,KC ,WR,109.8,76.0,173.0
334,Zach Pascal,PHI,WR,28,17,2,0,0,0,0,0,1,0,0.0,0,19,15,150,10.0,1,0,0,1,,,21.0,36.0,39.0,28.5,,133,,PascZa00,394,PHI ,WR,304.0,304.0,304.0
336,Sterling Shepard,NYG,WR,29,3,2,0,0,0,0,0,0,0,,0,24,13,154,11.85,1,0,0,1,,,21.0,34.4,37.4,27.9,,132,,ShepSt00,257,NYG ,WR,258.2,229.0,286.0
338,Mike Boone,DEN,RB,27,9,0,0,0,0,0,0,24,102,4.25,0,15,9,96,10.67,0,0,0,0,,,20.0,28.8,31.8,24.3,,93,,BoonMi00,407,DEN ,RB,335.0,335.0,335.0
342,Ian Thomas,CAR,TE,26,17,17,0,0,0,0,0,0,0,,0,30,21,197,9.38,0,0,0,0,,,20.0,40.7,43.7,30.2,,63,,ThomIa00,420,CAR ,TE,351.0,351.0,351.0
346,Tevin Coleman,SFO,RB,29,5,0,0,0,0,0,0,12,26,2.17,1,3,3,44,14.67,1,0,0,2,,,19.0,22.0,22.0,20.5,,95,,ColeTe01,445,NYJ ,RB,377.0,377.0,377.0
347,KJ Hamler,DEN,WR,23,7,0,0,0,0,0,0,2,23,11.5,0,14,7,165,23.57,0,0,0,0,,,19.0,25.8,28.8,22.3,,137,,HamlKJ00,189,DEN ,WR,195.8,150.0,242.0
349,Denzel Mims,NYJ,WR,25,10,4,0,0,0,0,0,0,0,,0,25,11,186,16.91,0,0,0,0,,,19.0,29.6,32.6,24.1,,138,,MimsDe00,440,NYJ ,WR,372.0,372.0,372.0
351,Jalen Reagor,MIN,WR,23,17,0,0,0,0,0,0,4,25,6.25,0,13,8,104,13.0,1,4,0,1,,,19.0,26.9,29.9,22.9,,136,,ReagJa00,314,PHI ,WR,308.5,263.0,345.0
353,Malik Willis,TEN,QB,23,8,3,31,61,276,0,3,27,123,4.56,1,0,0,0,,0,3,2,1,,,19.0,19.3,27.3,22.3,,53,,WillMa12,383,TEN ,QB,341.5,303.0,380.0
354,Brandon Bolden,LVR,RB,32,16,0,0,0,0,0,0,17,66,3.88,0,9,9,57,6.33,1,0,0,1,,,18.0,27.3,27.3,22.8,,96,,BoldBr00,430,LV ,RB,364.0,364.0,364.0
357,N'Keal Harry,CHI,WR,25,7,0,0,0,0,0,0,0,0,,0,9,7,116,16.57,1,0,0,1,,,18.0,24.6,27.6,21.1,,139,,HarrNK00,411,CHI ,WR,340.0,340.0,340.0
360,John Bates,WAS,TE,25,16,7,0,0,0,0,0,0,0,,0,22,14,108,7.71,1,1,0,1,,,17.0,30.8,33.8,23.8,,68,,BateJo00,325,WAS ,TE,294.3333333333333,279.0,305.0
361,Cameron Brate,TAM,TE,31,11,1,0,0,0,0,0,0,0,,0,38,20,174,8.7,0,0,0,0,,,17.0,37.4,40.4,27.4,,66,,BratCa00,289,TB ,TE,271.5,209.0,340.0
366,Benny Snell Jr.,PIT,RB,24,17,0,0,0,0,0,0,20,90,4.5,1,2,2,17,8.5,0,0,0,1,,,17.0,18.7,18.7,17.7,,100,,SnelBe00,360,PIT ,RB,340.3333333333333,312.0,381.0
368,Darrel Williams,ARI,RB,27,6,0,0,0,0,0,0,21,102,4.86,1,8,4,9,2.25,0,0,0,1,,,17.0,21.1,24.1,19.1,,98,,WillDa10,160,ARI ,RB,169.8,127.0,283.0
371,Sony Michel,LAC,RB,27,10,0,0,0,0,0,0,36,106,2.94,0,13,9,53,5.89,0,0,0,0,,,16.0,24.9,27.9,20.4,,101,,MichSo00,184,MIA ,RB,192.6,115.0,283.0
372,Albert Okwuegbunam,DEN,TE,24,8,1,0,0,0,0,0,0,0,,0,18,10,95,9.5,1,0,0,1,,,16.0,25.5,25.5,20.5,,71,,OkwuAl00,128,DEN ,TE,131.0,104.0,142.0
373,Hassan Haskins,TEN,RB,23,15,1,0,0,0,0,0,25,93,3.72,0,12,11,57,5.18,0,0,0,0,,,15.0,26.0,26.0,20.5,,104,,HaskHa00,286,TEN ,RB,265.75,199.0,327.0
375,Ronald Jones II,KAN,RB,25,6,0,0,0,0,0,0,17,70,4.12,1,1,1,22,22.0,0,0,0,1,,,15.0,16.2,16.2,15.7,,102,,JoneRo01,288,KC ,RB,267.0,183.0,353.0
377,Anthony Schwartz,CLE,WR,22,11,1,0,0,0,0,0,4,57,14.25,1,10,4,51,12.75,0,1,1,1,,,15.0,18.8,19.8,16.8,,142,,SchwAn00,396,CLE ,WR,349.0,327.0,371.0
380,Dan Arnold,JAX,TE,27,17,0,0,0,0,0,0,0,0,,0,13,9,135,15.0,0,0,0,0,,,14.0,22.5,25.5,18.0,,73,,ArnoDa00,279,JAC ,TE,282.8,236.0,356.0
381,Kenny Golladay,NYG,WR,29,12,4,0,0,0,0,0,0,0,,0,17,6,81,13.5,1,0,0,1,,,14.0,20.1,20.1,17.1,,146,,GollKe00,163,NYG ,WR,171.2,130.0,208.0
383,Keaontay Ingram,ARI,RB,23,12,0,0,0,0,0,0,27,60,2.22,1,5,4,21,5.25,0,0,0,1,,,14.0,18.1,18.1,16.1,,105,,IngrKe01,367,ARI ,RB,359.25,321.0,389.0
387,Samori Toure,GNB,WR,24,11,2,0,0,0,0,0,0,0,,0,10,5,82,16.4,1,1,0,1,,,14.0,19.2,19.2,16.7,,145,,TourSa00,406,GB ,WR,331.0,331.0,331.0
388,Jameson Williams,DET,WR,21,6,0,0,0,0,0,0,1,40,40.0,0,9,1,41,41.0,1,0,0,1,,,14.0,15.1,15.1,14.6,,148,,WillJa11,173,DET ,WR,181.2,145.0,214.0
389,Cedrick Wilson Jr.,MIA,WR,27,15,0,0,0,0,0,0,1,8,8.0,0,18,12,136,11.33,0,0,0,0,,,14.0,26.4,29.4,20.4,,143,,WilsCe01,250,MIA ,WR,253.4,206.0,293.0
390,Salvon Ahmed,MIA,RB,24,12,0,0,0,0,0,0,12,64,5.33,1,1,1,8,8.0,0,0,0,1,,,13.0,14.2,14.2,13.7,,107,,AhmeSa01,376,MIA ,RB,272.0,272.0,272.0
395,Brevin Jordan,HOU,TE,22,11,3,0,0,0,0,0,0,0,,0,28,14,128,9.14,0,0,0,0,,,13.0,26.8,29.8,19.8,,76,,JordBr00,157,HOU ,TE,168.0,153.0,190.0
398,Pharaoh Brown,2TM,TE,28,16,8,0,0,0,0,0,0,0,,0,20,12,117,9.75,0,0,0,0,,,12.0,23.7,26.7,17.7,,81,,BrowPh01,365,HOU ,TE,344.3333333333333,334.0,352.0
400,Trey Lance,SFO,QB,22,2,2,15,31,194,0,1,16,67,4.19,0,0,0,0,,0,1,0,0,,,12.0,12.5,13.5,13.5,,61,,LancTr00,86,SF ,QB,84.4,78.0,100.0
405,Geoff Swaim,TEN,TE,29,17,13,0,0,0,0,0,0,0,,0,16,12,58,4.83,1,0,0,1,,,12.0,23.8,23.8,17.8,,80,,SwaiGe00,418,,TEN TE,349.0,349.0,349.0
407,Josiah Deguara,GNB,TE,25,17,3,0,0,0,0,0,0,0,,0,15,13,114,8.77,0,0,0,0,,,11.0,24.4,27.4,17.9,,82,,DeguJo00,352,GB ,TE,342.5,300.0,387.0
408,Kevin Harris,NWE,RB,22,5,1,0,0,0,0,0,18,52,2.89,1,0,0,0,,0,0,0,1,,,11.0,11.2,11.2,11.2,,110,,HarrKe01,389,NE ,RB,346.0,329.0,363.0
413,Snoop Conner,JAX,RB,22,8,0,0,0,0,0,0,12,42,3.5,1,0,0,0,,0,0,0,1,,,10.0,10.2,10.2,10.2,,111,,ConnSn00,333,JAC ,RB,301.0,277.0,316.0
414,Tyrion Davis-Price,SFO,RB,22,6,0,0,0,0,0,0,34,99,2.91,0,2,0,0,,0,0,0,0,,,10.0,9.9,9.9,9.9,,113,,DaviTy03,177,SF ,RB,182.6,155.0,227.0
415,Chris Evans,CIN,RB,25,12,0,0,0,0,0,0,0,0,,0,4,3,38,12.67,1,0,0,1,,,10.0,12.8,12.8,11.3,,114,,EvanCh02,249,CIN ,RB,216.5,158.0,272.0
416,Darrynton Evans,CHI,RB,24,6,0,0,0,0,0,0,14,64,4.57,0,1,1,33,33.0,0,0,0,0,,,10.0,10.7,10.7,10.2,,115,,EvanDa02,384,CHI ,RB,358.6666666666667,312.0,388.0
417,Anthony Firkser,ATL,TE,27,11,1,0,0,0,0,0,0,0,,0,13,9,100,11.11,0,0,0,0,,,10.0,19.0,22.0,14.5,,84,,FirkAn00,335,ATL ,TE,338.8,255.0,367.0
420,Kene Nwangwu,MIN,RB,24,17,0,0,0,0,0,0,9,14,1.56,0,2,2,21,10.5,0,0,0,1,,,10.0,11.5,11.5,10.5,,116,,NwanKe00,388,MIN ,RB,346.0,321.0,371.0
425,Phillip Lindsay,IND,RB,28,3,0,0,0,0,0,0,15,49,3.27,0,8,6,19,3.17,0,0,0,0,1.0,,9.0,14.8,14.8,11.8,,118,,LindPh00,324,IND ,RB,291.3333333333333,257.0,321.0
429,Kyle Rudolph,TAM,TE,33,9,0,0,0,0,0,0,0,0,,0,5,3,28,9.33,1,0,0,1,,,9.0,11.8,11.8,10.3,,87,,RudoKy00,282,TB ,TE,287.2,273.0,294.0
433,Tyler Badie,DEN,RB,22,1,0,0,0,0,0,0,1,0,0.0,0,1,1,24,24.0,1,0,0,1,,,8.0,9.4,9.4,8.9,,120,,BadiTy00,327,BAL ,RB,320.75,310.0,327.0
438,Jaret Patterson,WAS,RB,23,3,0,0,0,0,0,0,17,78,4.59,0,1,0,0,,0,0,0,0,,,8.0,7.8,7.8,7.8,,121,,PattJa01,439,WAS ,RB,370.0,370.0,370.0
444,Ty Montgomery,NWE,WR,29,1,0,0,0,0,0,0,2,-2,-1.0,0,4,3,15,5.0,1,0,0,1,,,7.0,10.3,10.3,8.8,,161,,MontTy01,280,NE ,RB,209.66666666666663,116.0,257.0
447,Ke'Shawn Vaughn,TAM,RB,25,15,0,0,0,0,0,0,17,53,3.12,0,4,3,19,6.33,0,0,0,0,,,7.0,10.2,10.2,8.7,,122,,VaugKe00,311,TB ,RB,304.5,256.0,324.0
449,Zamir White,LVR,RB,23,14,0,0,0,0,0,0,17,70,4.12,0,0,0,0,,0,0,0,0,,,7.0,7.0,7.0,7.0,,123,,WhitZa01,183,LV ,RB,190.0,147.0,245.0
451,Jamison Crowder,BUF,WR,29,4,0,0,0,0,0,0,0,0,,0,13,6,60,10.0,0,1,0,0,,,6.0,12.0,12.0,9.0,,166,,CrowJa00,232,BUF ,WR,232.0,206.0,285.0
452,Jalen Guyton,LAC,WR,25,3,0,0,0,0,0,0,0,0,,0,4,2,64,32.0,0,0,0,0,,,6.0,8.4,8.4,7.4,,164,,GuytJa01,363,LAC ,WR,319.0,270.0,368.0
459,Nick Vannett,2TM,TE,29,9,3,0,0,0,0,0,0,0,,0,9,6,55,9.17,0,0,0,0,,,6.0,11.5,11.5,8.5,,94,,VannNi00,451,NO ,TE,385.0,385.0,385.0
463,Julius Chestnut,TEN,RB,22,6,0,0,0,0,0,0,9,12,1.33,0,3,3,41,13.67,0,0,0,0,,,5.0,8.3,8.3,6.8,,129,,ChesJu00,398,TEN ,RB,350.5,348.0,353.0
464,Chris Conley,2TM,WR,30,9,1,0,0,0,0,0,0,0,,0,7,4,46,11.5,0,0,0,0,,,5.0,8.6,8.6,6.6,,172,,ConlCh00,369,HOU ,WR,327.0,311.0,343.0
466,Myles Gaskin,MIA,RB,25,4,0,0,0,0,0,0,10,26,2.6,0,6,4,28,7.0,0,0,0,0,,,5.0,9.4,9.4,7.4,,125,,GaskMy00,310,MIA ,RB,321.6,189.0,367.0
468,David Johnson,NOR,RB,31,5,0,0,0,0,0,0,12,24,2.0,0,4,4,47,11.75,0,1,1,0,,,5.0,9.1,10.1,7.1,,130,,JohnDa08,435,FA ,RB,368.0,368.0,368.0
470,Charlie Kolar,BAL,TE,23,2,0,0,0,0,0,0,0,0,,0,6,4,49,12.25,0,0,0,0,,,5.0,8.9,8.9,6.9,,95,,KolaCh00,436,BAL ,TE,369.0,369.0,369.0
472,Isaiah Spiller,LAC,RB,21,6,0,0,0,0,0,0,18,41,2.28,0,3,3,13,4.33,0,0,0,0,,,5.0,8.4,8.4,6.9,,127,,SpilIs00,150,LAC ,RB,156.4,92.0,236.0
477,Cole Beasley,2TM,WR,33,4,1,0,0,0,0,0,0,0,,0,7,6,35,5.83,0,0,0,0,,,4.0,9.5,9.5,6.5,,179,,BeasCo00,401,FA ,WR,353.5,338.0,369.0
479,Trestan Ebner,CHI,RB,23,17,0,0,0,0,0,0,24,54,2.25,0,8,2,8,4.0,0,2,1,0,,,4.0,6.2,7.2,5.2,,134,,EbneTr00,321,CHI ,RB,286.6666666666667,217.0,384.0
482,Anthony McFarland Jr.,PIT,RB,23,1,0,0,0,0,0,0,6,30,5.0,0,2,2,11,5.5,0,0,0,0,,,4.0,6.1,6.1,5.1,,135,,McFaAn00,422,PIT ,RB,355.0,355.0,355.0
484,Kyle Philips,TEN,WR,23,4,0,0,0,0,0,0,0,0,,0,13,8,78,9.75,0,2,2,0,,,4.0,11.8,13.8,7.8,,178,,PhilKy01,275,TEN ,WR,248.25,240.0,265.0
486,Laquon Treadwell,SEA,WR,27,6,0,0,0,0,0,0,0,0,,0,10,6,42,7.0,0,0,0,0,,,4.0,10.2,10.2,7.2,,176,,TreaLa00,377,JAC ,WR,333.5,301.0,366.0
489,Giovani Bernard,TAM,RB,31,8,0,0,0,0,0,0,8,28,3.5,0,2,2,-1,-0.5,0,1,0,0,,,3.0,4.7,4.7,3.7,,138,,BernGi00,268,TB ,RB,235.25,158.0,361.0
492,Tyler Davis,GNB,TE,25,17,1,0,0,0,0,0,0,0,,0,7,4,26,6.5,0,0,0,0,,,3.0,6.6,6.6,4.6,,101,,DaviTy02,433,GB ,TE,366.0,366.0,366.0
494,Ryan Griffin,CHI,TE,32,15,0,0,0,0,0,0,0,0,,0,8,4,26,6.5,0,0,0,0,,,3.0,6.6,6.6,4.6,,103,,GrifRy00,444,CHI ,TE,376.0,376.0,376.0
498,Tylan Wallace,BAL,WR,23,9,0,0,0,0,0,0,0,0,,0,7,4,33,8.25,0,0,0,0,,,3.0,7.3,7.3,5.3,,180,,WallTy00,372,BAL ,WR,331.0,315.0,347.0
501,Quintez Cephus,DET,WR,24,4,1,0,0,0,0,0,0,0,,0,3,2,15,7.5,0,0,0,0,,,2.0,3.5,3.5,2.5,,198,,CephQu00,350,DET ,WR,324.3333333333333,284.0,346.0
502,Ty Chandler,MIN,RB,24,3,0,0,0,0,0,0,6,20,3.33,0,0,0,0,,0,0,0,0,,,2.0,2.0,2.0,2.0,,141,,ChanTy01,400,MIN ,RB,313.0,313.0,313.0
505,Mike Davis,BAL,RB,29,8,0,0,0,0,0,0,8,18,2.25,0,2,2,4,2.0,0,1,0,0,,,2.0,4.2,4.2,3.2,,140,,DaviMi01,278,BAL ,RB,253.75,198.0,336.0
506,Bryan Edwards,ATL,WR,24,7,1,0,0,0,0,0,0,0,,0,5,3,15,5.0,0,0,0,0,,,2.0,4.5,4.5,3.0,,200,,EdwaBr01,283,ATL ,WR,287.4,265.0,311.0
509,Danny Gray,SFO,WR,23,13,0,0,0,0,0,0,1,9,9.0,0,7,1,10,10.0,0,0,0,0,,,2.0,2.9,2.9,2.4,,194,,GrayDa02,313,SF ,WR,307.25,261.0,365.0
517,D'Ernest Johnson,CLE,RB,26,15,0,0,0,0,0,0,4,17,4.25,0,3,3,7,2.33,0,0,0,0,,,2.0,5.4,5.4,3.9,,139,,JohnDE04,188,CLE ,RB,195.8,131.0,238.0
519,Dezmon Patmon,IND,WR,24,1,0,0,0,0,0,0,0,0,,0,6,2,24,12.0,0,0,0,0,,,2.0,4.4,4.4,3.4,,187,,PatmDe00,443,IND ,WR,375.0,375.0,375.0
521,Trey Sermon,PHI,RB,23,2,0,0,0,0,0,0,2,19,9.5,0,0,0,0,,0,0,0,0,,,2.0,1.9,1.9,1.9,,143,,SermTr00,227,SF ,RB,229.4,174.0,285.0
537,Jerome Ford,CLE,RB,23,13,0,0,0,0,0,0,8,12,1.5,0,0,0,0,,0,0,0,0,,,1.0,1.2,1.2,1.2,,147,,FordJe00,361,CLE ,RB,342.3333333333333,312.0,366.0
539,Kylin Hill,GNB,RB,24,2,0,0,0,0,0,0,1,7,7.0,0,0,0,0,,0,0,0,0,,,1.0,0.7,0.7,0.7,,152,,HillKy00,390,GB ,RB,346.0,335.0,357.0
548,Jeremy Ruckert,NYJ,TE,22,9,0,0,0,0,0,0,0,0,,0,2,1,8,8.0,0,0,0,0,,,1.0,1.8,1.8,1.3,,110,,RuckJe00,397,NYJ ,TE,363.6666666666667,350.0,372.0
552,Jalen Tolbert,DAL,WR,23,8,1,0,0,0,0,0,0,0,,0,3,2,12,6.0,0,0,0,0,,,1.0,3.2,3.2,2.2,,203,,TolbJa00,148,DAL ,WR,153.0,133.0,205.0
555,Montrell Washington,DEN,WR,23,15,1,0,0,0,0,0,5,30,6.0,0,9,4,2,0.5,0,5,1,0,,,1.0,5.2,6.2,3.2,,204,,WashMo00,456,DEN ,WR,392.0,392.0,392.0
575,Rico Dowdle,DAL,,24,5,0,0,0,0,0,0,0,0,,0,0,0,0,,0,0,0,0,,,,,,,,164,,DowdRi01,386,DAL ,RB,296.0,296.0,296.0
590,Rashard Higgins,CAR,,28,3,0,0,0,0,0,0,0,0,,0,0,0,0,,0,0,0,0,,,,,,,,228,,HiggRa00,450,CAR ,WR,385.0,385.0,385.0
598,Tyler Johnson,HOU,,24,2,0,0,0,0,0,0,0,0,,0,0,0,0,,0,0,0,0,,,,,,,,230,,JohnTy00,371,TB ,WR,329.5,317.0,342.0
616,D'Vonte Price,IND,,23,1,0,0,0,0,0,0,0,0,,0,0,0,0,,0,0,0,0,,,,,,,,169,,PricDV00,419,IND ,RB,350.0,350.0,350.0
631,James Washington,DAL,,26,2,0,0,0,0,0,0,0,0,,0,1,0,0,,0,0,0,0,,,,,,,,245,,WashJa00,393,DAL ,WR,348.0,339.0,357.0
636,Damien Williams,ATL,RB,30,1,1,0,0,0,0,0,2,2,1.0,0,0,0,0,,0,0,0,0,,,,0.2,0.2,0.2,,159,,WillDa05,239,ATL ,RB,207.25,174.0,280.0
637,Preston Williams,CAR,,25,1,0,0,0,0,0,0,0,0,,0,0,0,0,,0,0,0,0,,,,,,,,248,,WillPr01,447,MIA ,WR,379.0,379.0,379.0
643,Deonte Harty,NOR,WR,25,4,0,0,0,0,0,0,0,0,,0,2,2,13,6.5,0,1,1,0,,,-1.0,1.3,2.3,0.3,,253,,HarrDe07,340,NO ,WR,270.0,269.0,271.0
645,Ihmir Smith-Marsette,2TM,WR,23,8,0,0,0,0,0,0,1,-1,-1.0,0,4,1,15,15.0,0,1,1,0,,,-1.0,0.4,1.4,-0.1,,252,,SmitIh00,395,MIN ,WR,349.0,325.0,373.0
648,Chester Rogers,CLE,,28,3,0,0,0,0,0,0,0,0,,0,0,0,0,,0,1,1,0,,,-2.0,-2.0,-1.0,-2.0,,255,,RogeCh02,452,HOU ,WR,386.0,386.0,386.0
